UID,Name,Phone Number,Email,Address,Other_Info
4,Jessica Adams,6094373590,johnsondanny@todd.com,"0130 Pruitt Ranch, Williamtown, WI 78161",N/A
5,Roy Thomas,3386960351,jeffreynguyen@hotmail.com,"Unit 7301 Box 2368, DPO AE 36672",N/A
6,Dawn Jones,4118124748,tabitha74@yahoo.com,"40455 Barton Parkway, Gibbsstad, LA 86046",N/A
7,Tamara Hansen,6419695825,ricephillip@tran.com,"774 Jonathan Port, Meyershire, SC 11120",N/A
8,Mark Hill,5264790915,johnfigueroa@hanna.biz,"515 Schroeder Junctions Apt. 798, Port Amanda",N/A
9,Joel Medina,6765204126,washingtonronald@cowan.com,"6591 Matthew Estates Apt. 690, Lake Lesliebor",N/A
10,Chelsea Brooks,5923722718,derek27@wong-schroeder.com,"57420 Cindy Highway Suite 260, Cherylport, OH",N/A
11,Maria Bates,4215150379,blevinsjanice@gmail.com,"3649 Richard Fords, Lake Breanna, CA 35827",N/A
12,Mr. Michael Moore,5195256754,sarah23@meyer.biz,"4709 Villarreal Orchard, East Kimberly, OR 04",N/A
13,Robert Horne,4503178852,jennifer32@lin-schmitt.net,"350 Olson Falls Apt. 804, West Dylanbury, OK ",N/A
14,Blake Owen,9720393597,abright@jones.com,"0919 Jones Heights Apt. 575, Michaelstad, VA ",N/A
15,Michael Jones,1582593156,emily76@hotmail.com,"44119 Baker Lodge, South Emilyton, DE 64895",N/A
16,Joshua Perez,9830459289,sturner@gmail.com,"8178 Ray Forges Suite 508, New Courtneyville,",N/A
17,Maria Marshall,8446753419,emcpherson@ramos.com,"585 Rivera Flat, Turnershire, NM 78259",N/A
18,Sara Anderson,6080274201,lindseykeller@molina-reed.info,"00734 Murray Village Apt. 660, New Russell, N",N/A
19,Mackenzie Mills,1022274454,joangomez@yahoo.com,"98890 Kimberly Knoll, South Davidshire, AR 57",N/A
20,Jessica Boyd,9903877734,kathryn38@hotmail.com,"784 Harry Spurs, Avilaborough, WV 08663",N/A
21,David Perkins,3993350414,barkeraaron@norton-martin.com,"055 Amanda Shore, New Raymondchester, TN 6367",N/A
22,Zachary Dennis,6339164903,danielsanchez@weaver.com,"95336 Lopez Mountains Suite 586, Port Alexand",N/A
23,Bailey Lee,9793484101,anthonymichael@hotmail.com,"44923 Susan Ports Apt. 873, South Stephen, AZ",N/A
24,Victoria Brown,7603617798,markvega@gmail.com,"3137 Patrick Underpass, Reginatown, NJ 59773",N/A
25,Taylor Mcgee,6407849772,thomassimon@barnes-ashley.biz,"81509 Foley Coves, West Sarah, IL 79538",N/A
26,Albert Johnson,5353294880,nyoung@hotmail.com,"Unit 5811 Box 5265, DPO AA 14111",N/A
27,Nicholas Campbell,4141264240,christine09@hotmail.com,"34774 Watts Run Apt. 939, South Rachelbury, I",N/A
28,Jacqueline Haney,7389679550,ddavid@brown.com,"61120 Elizabeth Ramp Suite 422, Kathleenport,",N/A
29,Samantha Russell,2019974632,erichaynes@gmail.com,"6650 Moore River, Port Johnathanmouth, AR 935",N/A
30,Morgan Collins,3165789057,aaron75@charles-hamilton.com,"46617 Michelle Shoal, Valenzuelahaven, SC 482",N/A
31,Joseph Lee,8354100743,longtamara@gmail.com,"608 Alex Pines, Rebeccaview, CA 34109",N/A
32,Amy Young,1395696496,emurray@wilson-waters.com,"5246 Jon Bypass, Amymouth, MN 92616",N/A
33,Angela Hall,2978004555,rturner@yahoo.com,"PSC 9985, Box 9927, APO AE 68527",N/A
34,Robert Hickman,8807849771,barbara36@miranda.com,"835 York Plains, New Lisaport, IA 51127",N/A
35,Jennifer Thompson,4569699328,erichanson@gmail.com,"64170 James Walks, New Jennifer, AL 08887",N/A
36,Julia Clark,1232642687,timothy11@murphy-anderson.net,"0605 Torres Prairie Apt. 487, Haileybury, IL ",N/A
37,Ronald White,9484873246,mjohnson@yahoo.com,"9471 Jeremiah Avenue, Johnberg, FL 87838",N/A
38,Jacob Wilson,4724793214,christiancampbell@wilson.com,"1737 Allison Meadow, North Jacob, AL 14088",N/A
39,Brian Jimenez,1021727746,patriciagarcia@bennett.net,"2617 Braun Row, East William, AL 43127",N/A
40,Antonio Howard MD,8330582540,ldavid@watkins-casey.com,"0238 Keller Locks, Lake Rubenmouth, MD 91851",N/A
41,Carl Guzman,5354534373,dsmith@gmail.com,"3992 Benjamin Green, Marcusbury, VA 10888",N/A
42,Timothy Vance,5621430312,kevin04@hotmail.com,"45522 Wade Divide Suite 977, East Donaldshire",N/A
43,Tara Gonzales,7049698178,daniel49@yahoo.com,"8880 Bennett Wells Suite 517, East Paul, SD 4",N/A
44,Timothy Schultz,1944881530,stacey91@hotmail.com,"99633 Pitts Mountains, North Michaelstad, PA ",N/A
45,Andrew Warren,6973642473,hgomez@snyder-lee.com,"827 Jonathan Roads, Andrefort, KS 43921",N/A
46,Anthony Anderson,8374415749,alexanderamber@hotmail.com,"48861 Derek Vista Suite 320, South Michael, T",N/A
47,Cheryl Richardson,3614516656,paceshawn@rodriguez-morton.com,"148 Jenkins Landing, North Justinfurt, WA 955",N/A
48,Laurie Pacheco,1496619329,qwong@gmail.com,"0740 Jessica Loop, Danielhaven, HI 78146",N/A
49,Jared Campbell,9979802050,lthompson@gmail.com,"USNS Lawson, FPO AA 25004",N/A
50,Lori Carr,2732877144,taylordylan@patel.net,"8676 John Estates Apt. 295, Tonytown, TX 5068",N/A
